<?xml version="1.0" encoding="utf-8"?><map><title>Inserisci qua il titolo</title><description>Inserisci qua la descrizione</description><image>images/contentimg/mappa.gif</image><services><entry><text>Immetti il servizio</text><image>images/contentimg/serv_clima.gif</image></entry><entry><text/><image>images/contentimg/serv_clima.gif</image></entry><entry><text/><image>images/contentimg/serv_clima.gif</image></entry><entry><text/><image>images/contentimg/serv_clima.gif</image></entry></services></map>